teta0,teta1
8499.599649933216,-0.021448963591702303
